{
    "name": "navigation",
    "style": "default",
    "data": {
        "waterfall_height": 660,
        "waterfall_pos": {
            "x": 100,
            "y": -20,
            "py": 0.5
        },
        "scroll_padding": 80,
        "bgs": [{
            "type": "sprite",
            "framename": "gsb_bg_top.png",
            "ax": 0.5,
            "ay": 0,
            "x": 960,
            "y": 280,
            "py": 0,
            "sx": 90,
            "sy": 1.5
        }, {
            "type": "sprite",
            "framename": "gsb_bg_bottom.png",
            "ax": 0.5,
            "ay": 0,
            "x": 960,
            "y": 0
        }, {
            "type": "cloud",
            "framename": "g_cloud_1.png",
            "speed": 7,
            "x": 1420,
            "y": -300,
            "py": 1
        }, {
            "type": "cloud",
            "framename": "g_cloud_2.png",
            "speed": 13,
            "x": 100,
            "y": -400,
            "py": 1
        }, {
            "type": "cloud",
            "framename": "g_cloud_3.png",
            "speed": 33,
            "x": -700,
            "y": -200,
            "py": 1
        }, {
            "type": "cloud",
            "framename": "g_cloud_4.png",
            "speed": 38,
            "x": 600,
            "y": -180,
            "py": 1
        }],
        "board_a": {
            "type": "node",
            "w": 480,
            "h": 660,
            "children": [{
                "type": "button",
                "name": "button",
                "w": 480,
                "h": 660,
                "x": 240,
                "y": 330,
                "children": [{
                    "type": "sprite",
                    "framename": "nav_a_bg.png",
                    "x": 240,
                    "y": 330
                }, {
                    "condition": {
                        "type": "not_empty",
                        "value": "{$logo_framename}"
                    },
                    "type": "sprite",
                    "framename": "{$logo_framename}",
                    "x": 240,
                    "y": 445
                }, {
                    "condition": {
                        "type": "not_empty",
                        "value": "{$logo_image}"
                    },
                    "type": "limage",
                    "url": "{$logo_image}",
                    "x": 240,
                    "y": 445
                }, {
                    "type": "sprite",
                    "framename": "nav_a_over.png",
                    "x": 240,
                    "y": 200
                }, {
                    "type": "label",
                    "fontname": "Arial",
                    "fontsize": 48,
                    "color": 24121038,
                    "text": "{$name}",
                    "x": 240,
                    "y": 210
                }, {
                    "type": "sprite",
                    "framename": "nav_sep_a.png",
                    "x": 240,
                    "y": 175
                }, {
                    "type": "label",
                    "fontname": "Arial",
                    "fontsize": 28,
                    "color": 24121038,
                    "text": "{$description}",
                    "x": 240,
                    "y": 145
                }, {
                    "condition": {
                        "type": "not_empty",
                        "value": "{$local_tag}"
                    },
                    "type": "sprite",
                    "framename": "{$local_tag}",
                    "x": 420,
                    "y": 625,
                    "action": "action_enhance"
                }]
            }]
        },
        "board_b1": {
            "type": "template",
            "value": "board_b",
            "params": {
                "tpv_board_bg_type": "b1"
            }
        },
        "board_b2": {
            "type": "template",
            "value": "board_b",
            "params": {
                "tpv_board_bg_type": "b2"
            }
        },
        "board_b": {
            "type": "node",
            "w": 480,
            "h": 660,
            "children": [{
                "type": "button",
                "name": "button",
                "w": 480,
                "h": 660,
                "x": 240,
                "y": 330,
                "children": [{
                    "type": "sprite",
                    "framename": "nav_{$tpv_board_bg_type}_bg.png",
                    "x": 240,
                    "y": 450
                }, {
                    "condition": {
                        "type": "not_empty",
                        "value": "{$logo_framename}"
                    },
                    "type": "sprite",
                    "framename": "{$logo_framename}",
                    "x": 240,
                    "y": 455
                }, {
                    "condition": {
                        "type": "not_empty",
                        "value": "{$logo_image}"
                    },
                    "type": "limage",
                    "url": "{$logo_image}",
                    "x": 240,
                    "y": 455
                }, {
                    "type": "sprite",
                    "framename": "nav_b_over.png",
                    "x": 240,
                    "y": 183
                }, {
                    "condition": {
                        "type": "yes",
                        "value": "{$change_version}"
                    },
                    "type": "button",
                    "normal": "nav_v1_normal.png",
                    "pressed": "nav_v1_pressed.png",
                    "x": 377,
                    "y": 290,
                    "name": "change_version"
                }, {
                    "type": "label",
                    "fontname": "Arial",
                    "fontsize": 48,
                    "color": 146073029,
                    "text": "{$name}",
                    "x": 240,
                    "y": 210
                }, {
                    "type": "sprite",
                    "framename": "nav_sep_b.png",
                    "x": 240,
                    "y": 175
                }, {
                    "type": "label",
                    "fontname": "Arial",
                    "fontsize": 28,
                    "color": 146073029,
                    "text": "{$description}",
                    "x": 240,
                    "y": 145
                }, {
                    "condition": {
                        "type": "not_empty",
                        "value": "{$version_name}"
                    },
                    "type": "sprite",
                    "framename": "nav_v_bg.png",
                    "x": 240,
                    "y": 105,
                    "children": [{
                        "type": "label",
                        "fontname": "Arial",
                        "fontsize": 28,
                        "color": 255247231,
                        "x": 97,
                        "y": 22,
                        "text": "{$version_name}"
                    }]
                }, {
                    "condition": {
                        "type": "not_empty",
                        "value": "{$local_tag}"
                    },
                    "type": "sprite",
                    "framename": "{$local_tag}",
                    "x": 405,
                    "y": 630,
                    "action": "action_enhance"
                }]
            }]
        },
        "board_c1": {
            "type": "template",
            "value": "board_c",
            "params": {
                "tpv_board_bg_type": "c1"
            }
        },
        "board_c2": {
            "type": "template",
            "value": "board_c",
            "params": {
                "tpv_board_bg_type": "c2"
            }
        },
        "board_c": {
            "type": "node",
            "w": 460,
            "h": 325,
            "children": [{
                "type": "button",
                "name": "button",
                "w": 460,
                "h": 325,
                "x": 230,
                "y": 170,
                "children": [{
                    "type": "sprite",
                    "framename": "nav_{$tpv_board_bg_type}_bg.png",
                    "x": 230,
                    "y": 207
                }, {
                    "condition": {
                        "type": "not_empty",
                        "value": "{$logo_framename}"
                    },
                    "type": "sprite",
                    "framename": "{$logo_framename}",
                    "x": 230,
                    "y": 205
                }, {
                    "condition": {
                        "type": "not_empty",
                        "value": "{$logo_image}"
                    },
                    "type": "limage",
                    "url": "{$logo_image}",
                    "x": 230,
                    "y": 205
                }, {
                    "type": "sprite",
                    "framename": "nav_c_over.png",
                    "x": 230,
                    "y": 80
                }, {
                    "type": "label",
                    "fontname": "Arial",
                    "fontsize": 48,
                    "color": 146073029,
                    "text": "{$name}",
                    "x": 230,
                    "y": 75
                }, {
                    "condition": {
                        "type": "not_empty",
                        "value": "{$local_tag}"
                    },
                    "type": "sprite",
                    "framename": "{$local_tag}",
                    "x": 385,
                    "y": 285,
                    "action": "action_enhance"
                }]
            }]
        },
        "board_d": {
            "type": "node",
            "w": 480,
            "h": 660,
            "children": [{
                "type": "button",
                "name": "button",
                "w": 480,
                "h": 660,
                "x": 240,
                "y": 330,
                "children": [{
                    "type": "sprite",
                    "framename": "nav_d_bg.png",
                    "x": 240,
                    "y": 450
                }, {
                    "condition": {
                        "type": "not_empty",
                        "value": "{$logo_framename}"
                    },
                    "type": "sprite",
                    "framename": "{$logo_framename}",
                    "x": 240,
                    "y": 455
                }, {
                    "condition": {
                        "type": "not_empty",
                        "value": "{$logo_image}"
                    },
                    "type": "limage",
                    "url": "{$logo_image}",
                    "x": 240,
                    "y": 455
                }, {
                    "type": "sprite",
                    "framename": "nav_d_over.png",
                    "x": 240,
                    "y": 183
                }, {
                    "type": "label",
                    "fontname": "Arial",
                    "fontsize": 48,
                    "color": 146073029,
                    "text": "{$name}",
                    "x": 240,
                    "y": 210
                }, {
                    "type": "sprite",
                    "framename": "nav_sep_b.png",
                    "x": 240,
                    "y": 175
                }, {
                    "condition": {
                        "type": "not_empty",
                        "value": "{$description}"
                    },
                    "type": "sprite",
                    "framename": "nav_v_bg.png",
                    "x": 240,
                    "y": 105,
                    "children": [{
                        "type": "label",
                        "fontname": "Arial",
                        "fontsize": 28,
                        "color": 255247231,
                        "x": 97,
                        "y": 22,
                        "text": "{$description}"
                    }]
                }, {
                    "condition": {
                        "type": "not_empty",
                        "value": "{$local_tag}"
                    },
                    "type": "sprite",
                    "framename": "{$local_tag}",
                    "x": 405,
                    "y": 630,
                    "action": "action_enhance"
                }]
            }]
        },
        "action_enhance": {
            "type": "RepeatForever",
            "value": {
                "type": "Sequence",
                "value": [{
                    "type": "DelayTime",
                    "duration": 2
                }, {
                    "type": "ScaleTo",
                    "duration": 0.1,
                    "scaleX": 1.2
                }, {
                    "type": "ScaleTo",
                    "duration": 0.1,
                    "scaleX": 1.0
                }, {
                    "type": "ScaleTo",
                    "duration": 0.1,
                    "scaleX": 1.2
                }, {
                    "type": "ScaleTo",
                    "duration": 0.1,
                    "scaleX": 1.0
                }]
            }
        }
    }
}