{
    "name": "homescene",
    "style": "default",
    "data": {
        "animate_type": "flower",
        "bgs": [{
            "type": "sprite",
            "framename": "hbg_bg.png",
            "ax": 0.5,
            "ay": 0,
            "x": 960,
            "y": -1,
            "py": 0
        }],
        "logos": [{
            "type": "sprite",
            "framename": "home_logo_bg.png",
            "x": 960,
            "y": 270,
            "py": 0.5,
            "sx": 0,
            "action": "action_comein",
            "name": "lbg"
        }, {
            "type": "sprite",
            "framename": "home_logo_w1.png",
            "x": 757,
            "y": 274,
            "py": 0.5,
            "sx": 0,
            "action": "action_comein",
            "name": "w1"
        }, {
            "type": "sprite",
            "framename": "home_logo_w2.png",
            "x": 965,
            "y": 271,
            "py": 0.5,
            "sx": 0,
            "action": "action_comein",
            "name": "w2"
        }, {
            "type": "sprite",
            "framename": "home_logo_w3.png",
            "x": 1181,
            "y": 278,
            "py": 0.5,
            "sx": 0,
            "action": "action_comein",
            "name": "w3"
        }, {
            "type": "sprite",
            "framename": "home_logo_book.png",
            "x": 655,
            "y": 225,
            "py": 0.5,
            "sx": 0,
            "action": "action_comein",
            "name": "book"
        }, {
            "type": "sprite",
            "framename": "home_logo_en.png",
            "x": 974,
            "y": 151,
            "py": 0.5,
            "sx": 0,
            "action": "action_comein",
            "name": "en"
        }, {
            "type": "sprite",
            "framename": "home_logo_hat1.png",
            "x": 1322,
            "y": 300,
            "py": 1,
            "action": "action_flyin",
            "name": "hat"
        }],
        "action_comein": {
            "type": "Sequence",
            "value": [{
                "type": "EaseBackOut",
                "value": {
                    "type": "ScaleTo",
                    "duration": 0.3,
                    "scaleX": 1
                }
            }, {
                "type": "ScaleTo",
                "duration": 0.1,
                "scaleX": 0.92
            }, {
                "type": "ScaleTo",
                "duration": 0.15,
                "scaleX": 1
            }]
        },
        "action_flyin": {
            "type": "Sequence",
            "value": [{
                "type": "DelayTime",
                "duration": 0.5
            }, {
                "type": "MoveTo",
                "duration": 0.2,
                "pos": {
                    "x": 1322,
                    "y": 396,
                    "py": 0.5
                }
            }, {
                "type": "EaseElasticOut",
                "value": {
                    "type": "MoveTo",
                    "duration": 0.5,
                    "pos": {
                        "x": 1322,
                        "y": 446,
                        "py": 0.5
                    }
                }
            }]
        }
    }
}
