{
    "name": "category_item",
    "style": "default",
    "data": {
        "download_pos": {
            "x": 312,
            "y": 100
        },
        "download_label_pos": {
            "x": 312,
            "y": 35
        },
        "nodes": [{
            "type": "sprite",
            "framename": "ca_item_bg.png",
            "x": 221,
            "y": 317
        }, {
            "type": "label",
            "fontname": "Helvetica-Bold",
            "fontsize": 42,
            "dimensions": 336,
            "text": "{$name}",
            "x": 221,
            "y": 480,
            "ax": 0.5,
            "ay": 1,
            "name": "name_label",
            "textalign": "center"
        }, {
            "type": "sprite",
            "framename": "ca_star.png",
            "x": 90,
            "y": 233,
            "sx": 0.82,
            "sy": 0.82,
            "action": "action_repeat_flash"
        }, {
            "type": "node",
            "x": 168,
            "y": 228,
            "ax": 0,
            "ay": 0.5,
            "match_child": true,
            "children": [{
                "type": "label",
                "fontname": "Helvetica-Bold",
                "fontsize": 42,
                "text": "{$me_star} / {$total_star}",
                "x": 0,
                "y": 0,
                "action": "action_repeat_label"
            }]
        }, {
            "type": "sprite",
            "framename": "ca_leaf.png",
            "x": 90,
            "y": 168,
            "sx": 0.82,
            "sy": 0.82
        }, {
            "type": "node",
            "x": 168,
            "y": 168,
            "ax": 0,
            "ay": 0.5,
            "match_child": true,
            "children": [{
                "type": "label",
                "fontname": "Helvetica-Bold",
                "fontsize": 42,
                "text": "{$me_clover}",
                "x": 0,
                "y": 0
            }]
        }, {
            "type": "bitmaplabel",
            "utf8": true,
            "fontname": "g_brown_font",
            "text": "{$no}",
            "x": 221,
            "y": 594
        }, {
            "condition": {
                "type": "not_empty",
                "value": "{$completed}"
            },
            "type": "sprite",
            "framename": "ca_pass.png",
            "x": 342,
            "y": 541,
            "visible": false,
            "name": "pass"
        }],
        "action_repeat_flash": {
            "type": "RepeatForever",
            "value": {
                "type": "Sequence",
                "value": [{
                    "type": "DelayTime",
                    "duration": 6
                }, {
                    "type": "ScaleBy",
                    "duration": 0.1,
                    "scaleX": 1.2
                }, {
                    "type": "ScaleBy",
                    "duration": 0.1,
                    "scaleX": 0.83333333333333
                }, {
                    "type": "DelayTime",
                    "duration": 0.2
                }]
            }
        },
        "action_repeat_label": {
            "type": "RepeatForever",
            "value": {
                "type": "Sequence",
                "value": [{
                    "type": "DelayTime",
                    "duration": 6.2
                }, {
                    "type": "ScaleBy",
                    "duration": 0.1,
                    "scaleX": 1.2
                }, {
                    "type": "ScaleBy",
                    "duration": 0.1,
                    "scaleX": 0.83333333333333
                }]
            }
        }
    }
}