{
    "name": "diandu_set",
    "style": "default",
    "data": {
        "nodes": [{
            "type": "scale9sprite",
            "framename": "g_sbox_s9.png",
            "w": 650,
            "h": 180,
            "x": 960,
            "y": 185,
            "py": 0.5,
            "children": [{
                "type": "sprite",
                "framename": "dians_repeat.png",
                "x": 65,
                "y": 90
            }, {
                "type": "label",
                "fontname": "Airal",
                "fontsize": 42,
                "text": "单句重复",
                "x": 100,
                "y": 90,
                "ax": 0,
                "ay": 0.5
            }, {
                "type": "switch",
                "x": 500,
                "y": 90,
                "on": {
                    "type": "button",
                    "normal": "dians_item_selected.png"
                },
                "off": {
                    "type": "button",
                    "normal": "dians_item_normal.png"
                },
                "cursor": {
                    "type": "sprite",
                    "framename": "dians_item_dot.png",
                    "on_pos": {
                        "x": 150,
                        "y": 36
                    },
                    "off_pos": {
                        "x": 24,
                        "y": 36
                    }
                },
                "name": "switch_repeat"
            }]
        }, {
            "debug": "6",
            "type": "scale9sprite",
            "framename": "g_sbox_s9.png",
            "w": 650,
            "h": 360,
            "x": 960,
            "y": -100,
            "py": 0.5,
            "children": [{
                "debug": "2",
                "type": "sprite",
                "framename": "dians_explain.png",
                "x": 65,
                "y": 120
            }, {
                "debug": "3",
                "type": "label",
                "fontname": "Airal",
                "fontsize": 42,
                "text": "显示中文翻译",
                "x": 100,
                "y": 120,
                "ax": 0,
                "ay": 0.5
            }, {
                "debug": "4",
                "type": "switch",
                "x": 500,
                "y": 120,
                "on": {
                    "type": "button",
                    "normal": "dians_item_selected.png"
                },
                "off": {
                    "type": "button",
                    "normal": "dians_item_normal.png"
                },
                "cursor": {
                    "debug": "5",
                    "type": "sprite",
                    "framename": "dians_item_dot.png",
                    "on_pos": {
                        "x": 150,
                        "y": 36
                    },
                    "off_pos": {
                        "x": 24,
                        "y": 36
                    }
                },
                "name": "switch_explain"
            },{
                "debug": "2",
                "type": "sprite",
                "framename": "dians_track_area.png",
                "x": 65,
                "y": 240
            }, {
                "debug": "3",
                "type": "label",
                "fontname": "Airal",
                "fontsize": 42,
                "text": "显示可点区域",
                "x": 100,
                "y": 240,
                "ax": 0,
                "ay": 0.5
            }, {
                "debug": "4",
                "type": "switch",
                "x": 500,
                "y": 240,
                "on": {
                    "type": "button",
                    "normal": "dians_item_selected.png"
                },
                "off": {
                    "type": "button",
                    "normal": "dians_item_normal.png"
                },
                "cursor": {
                    "debug": "5",
                    "type": "sprite",
                    "framename": "dians_item_dot.png",
                    "on_pos": {
                        "x": 150,
                        "y": 36
                    },
                    "off_pos": {
                        "x": 24,
                        "y": 36
                    }
                },
                "name": "switch_track_area"
            }]
        }]
    }
}