{
    "name": "category",
    "style": "default",
    "data": {
        "page_size": 3,
        "page_item_pos": {
            "delta": {
                "x": 550,
                "y": 0
            },
            "pos": {
                "x": 305,
                "y": -20,
                "py": 0.5
            }
        },
        "page_dot_pos": {
            "x": 960,
            "y": -190,
            "py": 0.25
        },
        "bgs": [{
            "type": "sprite",
            "framename": "gsb_bg_top.png",
            "ax": 0.5,
            "ay": 0,
            "x": 960,
            "y": 280,
            "py": 0,
            "sx": 90,
            "sy": 1.5
        }, {
            "type": "sprite",
            "framename": "gsb_bg_bottom.png",
            "ax": 0.5,
            "ay": 0,
            "x": 960,
            "y": 0
        }, {
            "type": "cloud",
            "framename": "g_cloud_1.png",
            "speed": 7,
            "x": 1420,
            "y": -300,
            "py": 1
        }, {
            "type": "cloud",
            "framename": "g_cloud_2.png",
            "speed": 13,
            "x": 100,
            "y": -400,
            "py": 1
        }, {
            "type": "cloud",
            "framename": "g_cloud_3.png",
            "speed": 33,
            "x": -700,
            "y": -200,
            "py": 1
        }, {
            "type": "cloud",
            "framename": "g_cloud_4.png",
            "speed": 38,
            "x": 600,
            "y": -180,
            "py": 1
        }],
        "page_item": {
            "type": "node",
            "w": 500,
            "h": 700,
            "children": [{
                "type": "sprite",
                "framename": "ks_card_{$card_type}.png",
                "x": 250,
                "y": 350
            }, {
                "type": "label",
                "fontname": "Arial",
                "fontsize": 42,
                "dimensions": 336,
                "text": "{$name}",
                "color": 144090047,
                "x": 250,
                "y": 578,
                "ax": 0.5,
                "ay": 0.5,
                "name": "name_label",
                "textalign": "center"
            }, {
                "condition": {
                    "type": "not_empty",
                    "value": "{$chip_image}"
                },
                "type": "sprite",
                "filename": "{$chip_image}",
                "x": 250,
                "y": 375
            }, {
                "condition": {
                    "type": "not_empty",
                    "value": "{$chip_url}"
                },
                "type": "limage",
                "url": "{$chip_url}",
                "x": 250,
                "y": 375
            }, {
                "condition": {
                    "type": "not_empty",
                    "value": "{$chip_sprite}"
                },
                "type": "sprite",
                "framename": "ks_chip.png",
                "x": 250,
                "y": 375
            }, {
                "type": "sprite",
                "framename": "ks_chip_bg.png",
                "x": 250,
                "y": 280
            }, {
                "type": "label",
                "fontname": "Arial",
                "fontsize": 42,
                "color": [{
                    "condition": {
                        "type": "equal",
                        "value": "{$card_type}",
                        "compare": "1"
                    },
                    "value": 151073114
                }, {
                    "condition": {
                        "type": "equal",
                        "value": "{$card_type}",
                        "compare": "2"
                    },
                    "value": 18124077
                }, {
                    "condition": {
                        "type": "equal",
                        "value": "{$card_type}",
                        "compare": "3"
                    },
                    "value": 144090047
                }],
                "text": "{$current_chips}/{$chips}",
                "x": 250,
                "y": 280,
                "name": "chip_label"
            }, {
                "condition": {
                    "type": "not_empty",
                    "value": "{$action}"
                },
                "type": "button",
                "normal": "ks_get_normal.png",
                "pressed": "ks_get_pressed.png",
                "disabled": "ks_get_disabled.png",
                "x": 250,
                "y": 155,
                "name": "get_clip"
            }, {
                "condition": {
                    "type": "not_empty",
                    "value": "{$notice}"
                },
                "type": "label",
                "fontname": "Arial",
                "fontsize": 42,
                "color": 144090047,
                "text": "{$notice}",
                "x": 250,
                "y": 155
            }, {
                "type": "sprite",
                "framename": "ks_prog_bg.png",
                "x": 215,
                "y": 85
            }, {
                "type": "progress",
                "framename": "ks_prog.png",
                "x": 215,
                "y": 85,
                "name": "prog"
            }, {
                "type": "label",
                "fontname": "Arial",
                "fontsize": 42,
                "color": 144090047,
                "text": "{$current_rounds}/{$rounds}",
                "x": 388,
                "y": 85,
                "name": "round_label"
            }, {
                "condition": {
                    "type": "empty",
                    "value": "{$opened}"
                },
                "type": "sprite",
                "framename": "ks_invalid.png",
                "x": 43,
                "y": 104,
                "name": "lock"
            }, {
                "condition": {
                    "type": "not_empty",
                    "value": "{$get_complete}"
                },
                "type": "sprite",
                "framename": "ks_chip_get.png",
                "x": 392,
                "y": 261,
                "name": "get_complete"
            }]
        }
    }
}