{
    "name": "category",
    "style": "default",
    "data": {
        "bgs": [{
            "type": "sprite",
            "framename": "gsb_bg_top.png",
            "ax": 0.5,
            "ay": 0,
            "x": 960,
            "y": 0,
            "py": 0,
            "sx": 90,
            "sy": 2
        }],
        "book_bg": [{
            "type": "sprite",
            "framename": "dian_bg.png",
            "x": 900,
            "y": -42,
            "py": 0.5
        }],
        "overs": [{
            "type": "button",
            "normal": "dian_mode_normal.png",
            "pressed": "dian_mode_pressed.png",
            "x": 1795,
            "y": -350,
            "py": 0.5,
            "name": "btn_mode"
        }, {
            "type": "button",
            "normal": "dian_set_normal.png",
            "pressed": "dian_set_pressed.png",
            "x": 1795,
            "y": -100,
            "py": 0.5,
            "name": "btn_set"
        }, {
            "type": "button",
            "normal": "dian_catalog_normal.png",
            "pressed": "dian_catalog_pressed.png",
            "x": 1795,
            "y": 150,
            "py": 0.5,
            "name": "btn_catelog"
        }, {
            "type": "button",
            "normal": "g_back_normal.png",
            "pressed": "g_back_pressed.png",
            "x": 1830,
            "y": -80,
            "py": 1,
            "name": "btn_back"
        }, {
            "type": "sprite",
            "framename": "dian_page_bg.png",
            "x": 883,
            "y": 463,
            "py": 0.5,
            "zindex": 1,
            "children": [{
                "type": "bitmaplabel",
                "fontname": "diandu_pfont",
                "utf8": true,
                "x": 66,
                "y": 109,
                "text": "1/70",
                "name": "page_no_label"
            }, {
                "type": "bitmaplabel",
                "fontname": "diandu_pfont",
                "utf8": true,
                "x": 66,
                "y": 57,
                "text": "点读",
                "name": "page_mode_label"
            }]
        }],
        "mode": {
            "type": "node",
            "ax": 0.5,
            "ay": 0.5,
            "w": 200,
            "h": 300,
            "x": 1665,
            "y": -350,
            "py": 0.5,
            "name": "mode_cont",
            "children": [{
                "type": "button",
                "normal": "dian_diandu_normal.png",
                "pressed": "dian_diandu_pressed.png",
                "x": 100,
                "y": 75,
                "name": "btn_diandu"
            }, {
                "type": "button",
                "bubble": "dian_bubble.png",
                "normal": "dian_liandu_normal.png",
                "pressed": "dian_liandu_pressed.png",
                "x": 100,
                "y": 225,
                "name": "btn_liandu"
            }, {
                "type": "button",
                "bubble": "dian_bubble.png",
                "normal": "dian_fudu_normal.png",
                "pressed": "dian_fudu_pressed.png",
                "x": 100,
                "y": 375,
                "name": "btn_fudu"
            }]
        },
        "play_pause": {
            "type": "switch",
            "on": {
                "type": "button",
                "normal": "dian_pause_normal.png",
                "pressed": "dian_pause_pressed.png",
                "x": 100,
                "y": 75
            },
            "off": {
                "type": "button",
                "normal": "dian_play_normal.png",
                "pressed": "dian_play_pressed.png",
                "x": 100,
                "y": 225
            },
            "x": 883,
            "y": -466,
            "py": 0.5,
            "name": "switch_play_pause"
        },
        "page_pos": {
            "x": 85,
            "y": -540,
            "py": 0.5
        },
        "page_size": {
            "w": 1640,
            "h": 1080
        },
        "page_item1_pos": {
            "x": 385,
            "y": 540
        },
        "page_item2_pos": {
            "x": 1215,
            "y": 540
        },
        "translate_pos": {
            "x": 883,
            "y": 370,
            "py": 0.5
        }
    }
}