{
    "name": "category",
    "style": "default",
    "data": {
        "bgs": [{
            "type": "sprite",
            "framename": "gsb_bg_top.png",
            "ax": 0.5,
            "ay": 0,
            "x": 960,
            "y": 0,
            "py": 0,
            "sx": 90,
            "sy": 2
        }],
        "loaded_bg": [{
            "type": "sprite",
            "framename": "dian_bg.png",
            "x": 900,
            "y": -42,
            "py": 0.5
        }],
        "overs": [{
            "type": "button",
            "normal": "g_back_normal.png",
            "pressed": "g_back_pressed.png",
            "x": 1830,
            "y": -80,
            "py": 1,
            "name": "btn_back"
        }]
    }
}