{
    "name": "navigation",
    "style": "default",
    "data": {
        "page_pos": {
            "x": 0,
            "y": -550,
            "py": 0.5
        },
        "page_dot_pos": {
            "x": 960,
            "y": -190,
            "py": 0.25
        },
        "page_size": {
            "w": 1670,
            "h": 1000
        },
        "page_item_sep": 550,
        "item_btn_pos": {
            "x": 250,
            "y": 153
        },
        "bgs": [{
            "type": "sprite",
            "framename": "gsb_bg_top.png",
            "ax": 0.5,
            "ay": 0,
            "x": 960,
            "y": 280,
            "py": 0,
            "sx": 90,
            "sy": 1.5
        }, {
            "type": "sprite",
            "framename": "gsb_bg_bottom.png",
            "ax": 0.5,
            "ay": 0,
            "x": 960,
            "y": 0
        }, {
            "type": "cloud",
            "framename": "g_cloud_1.png",
            "speed": 7,
            "x": 1420,
            "y": -300,
            "py": 1
        }, {
            "type": "cloud",
            "framename": "g_cloud_2.png",
            "speed": 13,
            "x": 100,
            "y": -400,
            "py": 1
        }, {
            "type": "cloud",
            "framename": "g_cloud_3.png",
            "speed": 33,
            "x": -700,
            "y": -200,
            "py": 1
        }, {
            "type": "cloud",
            "framename": "g_cloud_4.png",
            "speed": 38,
            "x": 600,
            "y": -180,
            "py": 1
        }],
        "card": {
            "type": "button",
            "w": 500,
            "h": 700,
            "ax": 0.5,
            "ay": 0.5,
            "x": 340,
            "y": 515,
            "children": [{
                "type": "sprite",
                "framename": "snav_card_{$card_type}.png",
                "x": 250,
                "y": 435
            }, {
                "condition": {
                    "type": "not_empty",
                    "value": "{$logo_framename}"
                },
                "type": "sprite",
                "framename": "{$logo_framename}",
                "x": 250,
                "y": 375
            }, {
                "condition": {
                    "type": "not_empty",
                    "value": "{$logo_image}"
                },
                "type": "limage",
                "url": "{$logo_image}",
                "x": 250,
                "y": 395
            }, {
                "condition": {
                    "type": "not_empty",
                    "value": "{$extra_logo}"
                },
                "type": "sprite",
                "framename": "{$extra_logo}",
                "x": 250,
                "y": 395
            }, {
                "type": "sprite",
                "framename": "snav_card.png",
                "x": 250,
                "y": 350
            }, {
                "type": "label",
                "fontname": "Arial",
                "fontsize": 48,
                "color": [{
                    "condition": {
                        "type": "equal",
                        "value": "{$card_type}",
                        "compare": "c1"
                    },
                    "value": 99075141
                }, {
                    "condition": {
                        "type": "equal",
                        "value": "{$card_type}",
                        "compare": "c2"
                    },
                    "value": 18124077
                }, {
                    "condition": {
                        "type": "equal",
                        "value": "{$card_type}",
                        "compare": "c3"
                    },
                    "value": 151073114
                }],
                "text": "{$name}",
                "x": 250,
                "y": 558
            }, {
                "type": "label",
                "fontname": "Arial",
                "fontsize": 36,
                "color": [{
                    "condition": {
                        "type": "equal",
                        "value": "{$card_type}",
                        "compare": "c1"
                    },
                    "value": 99075141
                }, {
                    "condition": {
                        "type": "equal",
                        "value": "{$card_type}",
                        "compare": "c2"
                    },
                    "value": 18124077
                }, {
                    "condition": {
                        "type": "equal",
                        "value": "{$card_type}",
                        "compare": "c3"
                    },
                    "value": 151073114
                }],
                "text": "{$sub_name}",
                "x": 250,
                "y": 495
            }, {
                "condition": {
                    "type": "and",
                    "value": [{
                        "type": "not_empty",
                        "value": "{$notice}"
                    }, {
                        "type": "equal",
                        "value": "{$unlock_type}",
                        "compare": "vip"
                    }]
                },
                "type": "rowlayout",
                "x": 250,
                "y": 161,
                "children": [{
                    "type": "sprite",
                    "framename": "snav_st_unlocked.png",
                    "align": 0.40
                }, {
                    "type": "label",
                    "fontname": "Arial",
                    "fontsize": 36,
                    "color": 144090047,
                    "text": "{$notice}",
                    "margin_left": 10
                }]
            }, {
                "condition": {
                    "type": "and",
                    "value": [{
                        "type": "not_empty",
                        "value": "{$notice}"
                    }, {
                        "type": "not_equal",
                        "value": "{$unlock_type}",
                        "compare": "vip"
                    }]
                },
                "type": "label",
                "fontname": "Arial",
                "fontsize": 36,
                "color": 144090047,
                "text": "{$notice}",
                "x": 250,
                "y": 151
            }, {
                "condition": {
                    "type": "not_empty",
                    "value": "{$invalid}"
                },
                "type": "sprite",
                "framename": "snav_invalid.png",
                "x": 46,
                "y": 130
            }, {
                "condition": {
                    "type": "not_empty",
                    "value": "{$version_name}"
                },
                "type": "sprite",
                "framename": "nav_v_bg.png",
                "x": 250,
                "y": 95,
                "children": [{
                    "type": "label",
                    "fontname": "Arial",
                    "fontsize": 28,
                    "color": 255247231,
                    "x": 97,
                    "y": 22,
                    "text": "{$version_name}"
                }]
            }]
        }
    }
}
