{
    "name": "category",
    "style": "default",
    "data": {
        "page_size": 3,
        "page_item_width": 550,
        "page_item_types": 8,
        "page_item_pos": {
            "x": 305,
            "y": -20,
            "py": 0.5
        },
        "page_dot_pos": {
            "x": 960,
            "y": -190,
            "py": 0.25
        },
        "page_item_shadow": {
            "debug": "true",
            "type": "sprite",
            "framename": "ca_item_shadow.png",
            "x": 230,
            "y": 11,
            "zindex": -1
        },
        "bgs": [{
            "type": "sprite",
            "framename": "gsb_bg_top.png",
            "ax": 0.5,
            "ay": 0,
            "x": 960,
            "y": 280,
            "py": 0,
            "sx": 90,
            "sy": 1.5
        }, {
            "type": "sprite",
            "framename": "gsb_bg_bottom.png",
            "ax": 0.5,
            "ay": 0,
            "x": 960,
            "y": 0
        }, {
            "type": "cloud",
            "framename": "g_cloud_1.png",
            "speed": 7,
            "x": 1420,
            "y": -300,
            "py": 1
        }, {
            "type": "cloud",
            "framename": "g_cloud_2.png",
            "speed": 13,
            "x": 100,
            "y": -400,
            "py": 1
        }, {
            "type": "cloud",
            "framename": "g_cloud_3.png",
            "speed": 33,
            "x": 700,
            "y": -200,
            "py": 1
        }, {
            "type": "cloud",
            "framename": "g_cloud_4.png",
            "speed": 38,
            "x": 600,
            "y": -180,
            "py": 1
        }]
    }
}